"POINT_ID","coarse","clay","silt","sand","pH_in_H2O","pH_in_CaCl","OC","CaCO3","N","P","K","CEC","Notes","sample_ID","GPS_LAT","GPS_LONG","X","Y"
"48522792.00","10",20,61,19,8.16,7.5,18,66,1.7,15.9,298.7,19.9,NA,"423",48.01069,17.12648,17.12648,48.01069
"48462776.00","9",23,55,22,8.34,7.45,19.8,118,1.7,23.3,218.2,19.6,NA,"443",47.87284,17.02603,17.02603,47.87284
"48442784.00","12",24,59,17,7.77,7.19,14.5,5,1.5,0,49.6,20.4,NA,"422",47.94611,17.0092,17.0092,47.94611
"48382792.00","24",11,35,54,7.91,7.29,10.7,223,0.5,13,59.1,8.1,NA,"421",48.02286,16.93905,16.93905,48.02286
"48382788.00","2",30,56,14,7.04,6.55,20.2,4,1.7,28.2,227.8,21.1,NA,"441",47.98707,16.93416,16.93416,47.98707
"48342810.00","17",38,54,8,7.8,7.37,30.9,316,2.7,15.2,213.6,25.9,NA,"417",48.18739,16.90729,16.90729,48.18739
"48342774.00","10",25,34,41,7.64,7.19,36,81,3.2,37.2,322.2,25.8,NA,"442",47.86506,16.86387,16.86387,47.86506
"48302806.00","8",15,48,37,8.15,7.47,46.5,19,1.5,28.8,241.4,11.1,NA,"418",48.15426,16.84901,16.84901,48.15426
"48282804.00","0",23,59,18,7.34,7.02,43.5,197,3.7,0,117.4,28,NA,"420",48.13867,16.81997,16.81997,48.13867
"48262856.00","15",28,51,21,6.47,6.04,16.1,0,1.6,22.1,203.4,19.2,NA,"402",48.60545,16.85745,16.85745,48.60545
"48262816.00","7",14,41,45,8.32,7.44,14.2,67,1.3,16.2,139.6,13.9,NA,"413",48.24778,16.80766,16.80766,48.24778
"48242800.00","12",19,66,15,7.63,7.18,15.1,33,1.7,21.6,142.4,17.5,NA,"419",48.10614,16.76145,16.76145,48.10614
"48222820.00","5",9,18,73,7.62,7.22,25.7,17,2,0,95.8,15.7,NA,"414",48.28693,16.75884,16.75884,48.28693
"48222784.00","24",19,41,40,7.08,6.77,39.7,8,2.8,14.8,160.7,21.4,NA,"425",47.96495,16.71594,16.71594,47.96495
"48222780.00","11",24,57,19,7.71,7.09,13.4,117,1.5,11.9,182.7,17.4,NA,"424",47.9287,16.71116,16.71116,47.9287
"48202842.00","4",21,72,8,8.07,7.48,13.6,139,1.2,10.5,127.4,15.8,NA,"404",48.48543,16.75817,16.75817,48.48543
"48202836.00","15",23,72,5,7.87,7.11,18.5,4,1.7,11.6,225.5,24.8,NA,"411",48.43181,16.75078,16.75078,48.43181
"48182826.00","2",19,61,20,7.97,7.5,17,212,1.2,17.9,304.3,14.3,NA,"409",48.34389,16.71229,16.71229,48.34389
"48162858.00","2",22,33,44,7.81,7.32,23.1,15,1.9,42.4,583.8,20.6,NA,"403",48.63359,16.72349,16.72349,48.63359
"48162724.00","29",20,56,24,6.59,5.91,11.6,1,1.3,39,161.5,11.5,NA,"453",47.43188,16.56665,16.56665,47.43188
"48122798.00","18",22,59,19,7.9,7.4,19,74,1.5,31.5,299.4,20.3,NA,"401",48.09748,16.59847,16.59847,48.09748
"48122780.00","7",23,33,44,7.78,7.32,22.4,125,1.9,23,224.6,23.6,NA,"426",47.93676,16.57815,16.57815,47.93676
"48122770.00","30",29,53,18,7.15,6.8,14,2,1.7,33.4,216.4,17.6,NA,"439",47.84714,16.56614,16.56614,47.84714
"48122762.00","11",10,31,59,7.95,7.23,14.6,121,1,0,62.9,10.1,NA,"440",47.77469,16.55664,16.55664,47.77469
"48122730.00","10",29,53,18,7.3,6.71,15.4,2,1.6,58.9,262.5,20.3,NA,"451",47.4888,16.52057,16.52057,47.4888
"48082862.00","4",21,40,39,7.8,7.31,23.3,61,1.9,60.8,425.5,18.2,NA,"408",48.67439,16.62045,16.62045,48.67439
"48082844.00","7",25,52,22,7.35,7.08,14,9,1.6,18.7,254.2,19.8,NA,"399",48.51349,16.59821,16.59821,48.51349
"48082834.00","17",23,67,10,5,4.04,24.9,0,1.9,0,86.9,13.4,NA,"410",48.42365,16.58726,16.58726,48.42365
"48082820.00","1",9,22,69,8,7.4,10.8,52,1.1,19.2,142.7,10.5,NA,"405",48.29808,16.57064,16.57064,48.29808
"48062782.00","38",27,35,38,7.53,7.13,33.3,103,2.6,47.3,650.4,22.1,NA,"427",47.9596,16.50022,16.50022,47.9596
"48062704.00","29",24,61,15,7.69,7.17,25.6,99,2.8,17.2,103,34.1,NA,"431",47.26052,16.41234,16.41234,47.26052
"48042766.00","25",12,15,73,7.67,7.17,28.4,115,2.6,0,102.3,16.9,NA,"438",47.81776,16.45527,16.45527,47.81776
"48022744.00","29",16,36,48,5.93,5.55,26,1,2.2,0,123.1,13.9,NA,"450",47.62213,16.40396,16.40396,47.62213
"48002836.00","5",20,67,13,8.07,7.5,19.3,189,1.6,21.6,472.6,14.1,NA,"329",48.44792,16.48186,16.48186,48.44792
"48002776.00","24",29,56,15,7.78,7.32,29.7,235,2.5,20.7,467.5,24.7,NA,"437",47.91014,16.41285,16.41285,47.91014
"48002764.00","18",25,58,16,7.84,7.25,18.9,193,1.7,23.3,240.6,19.5,NA,"436",47.80262,16.40038,16.40038,47.80262
"48002710.00","12",18,43,39,5.99,5.5,8.6,0,1,0,123.1,22.5,NA,"447",47.31909,16.33973,16.33973,47.31909
"47982850.00","6",26,66,8,7.91,7.32,10.2,44,1.1,10.4,144.1,19.1,NA,"466",48.57492,16.47111,16.47111,48.57492
"47982846.00","31",44,50,7,7.82,7.36,18.2,134,1.8,18,482.9,24.9,NA,"397",48.53916,16.46588,16.46588,48.53916
"47982822.00","2",18,37,45,7.33,6.91,15.4,1,1.4,26.1,146,14.5,NA,"400",48.324,16.43876,16.43876,48.324
"47982796.00","5",25,56,19,7.95,7.49,22.7,114,1.9,30.1,326.3,24.7,NA,"415",48.09117,16.4092,16.4092,48.09117
"47982724.00","19",16,36,48,6.25,5.9,9.1,0,1,0,116.2,8,NA,"454",47.44593,16.32888,16.32888,47.44593
"47982706.00","5",33,39,28,5.53,4.75,29.5,0,2.3,0,185.7,17.5,NA,"430",47.28461,16.30923,16.30923,47.28461
"47982688.00","4",23,66,11,4.7,4.06,18.3,0,1.4,0,79.3,4.2,NA,"264",47.12323,16.2897,16.2897,47.12323
"47982684.00","9",22,45,32,6,5.47,15.4,0,1.6,0,76.5,13.5,NA,"263",47.08768,16.28579,16.28579,47.08768
"47942860.00","10",28,44,27,7.22,6.83,16.1,2,1.7,11.8,213.5,20.7,NA,"332",48.66763,16.42868,16.42868,48.66763
"47942784.00","17",41,45,14,7.93,7.42,36.4,233,2.2,32.2,693.8,25.3,NA,"416",47.98857,16.34351,16.34351,47.98857
"47942726.00","28",10,28,61,5.03,4.66,23.8,0,2.5,13.9,83.1,9.4,NA,"455",47.46696,16.27821,16.27821,47.46696
"47922830.00","13",24,59,17,7.7,7.2,16.5,51,1.7,24.9,329.8,18,NA,"395",48.40043,16.36728,16.36728,48.40043
"47902736.00","41",3,16,81,6.35,6.12,47.4,2,4,20.7,113.6,12.8,NA,"459",47.5596,16.23629,16.23629,47.5596
"47882836.00","22",28,53,18,7.84,7.3,13.4,37,1.3,12.8,233,21.6,NA,"392",48.45729,16.32026,16.32026,48.45729
"47882830.00","3",15,46,39,4.81,4.28,18.5,0,1.6,20.4,96,7.7,NA,"396",48.40308,16.31361,16.31361,48.40308
"47882776.00","28",39,43,19,8.18,7.43,21.5,147,2.2,14.3,387.2,25.7,NA,"428",47.91948,16.25354,16.25354,47.91948
"47882758.00","22",31,47,22,7.77,7.38,24.2,116,2.2,89.9,693.3,18.6,NA,"435",47.75817,16.23424,16.23424,47.75817
"47882740.00","18",12,32,55,5.17,4.81,21.3,0,2.2,10.9,54.3,8.7,NA,"458",47.59702,16.21403,16.21403,47.59702
"47882704.00","6",15,38,47,4.66,4.1,27.5,1,1.8,10.6,70.9,8.2,NA,"429",47.27426,16.17533,16.17533,47.27426
"47862838.00","7",42,54,4,7.72,7.23,14.7,38,1.7,0,312.8,25.5,NA,"390",48.47674,16.29555,16.29555,48.47674
"47862690.00","2",23,54,23,5.36,4.47,12.9,1,0.9,0,184.9,12.9,NA,"261",47.15024,16.13419,16.13419,47.15024
"47862672.00","11",20,48,33,7.22,6.62,4.7,0,0.5,20,92.7,16.2,NA,"262",46.9889,16.11534,16.11534,46.9889
"47842720.00","22",8,33,60,4.65,3.98,34.8,1,1.8,12.6,83.7,7.4,NA,"444",47.42069,16.13964,16.13964,47.42069
"47842716.00","50",7,19,74,5.36,4.32,9.5,0,1.1,19.8,67.5,4.8,NA,"445",47.38479,16.13532,16.13532,47.38479
"47842688.00","10",34,50,16,5.48,4.98,25.9,0,2.7,14.1,77.2,16.1,NA,"260",47.13379,16.10583,16.10583,47.13379
"47822862.00","2",24,29,47,7.86,7.22,17.8,17,1.6,16.7,262.6,19.3,NA,"331",48.69497,16.26859,16.26859,48.69497
"47822830.00","3",22,61,17,7.86,7.42,17,59,1.7,28.8,228.4,18.1,NA,"393",48.40839,16.23277,16.23277,48.40839
"47822764.00","49",24,33,43,7.7,7.19,38.8,178,3.5,22.7,315.5,25.5,NA,"434",47.81664,16.16028,16.16028,47.81664
"47822736.00","16",15,39,46,3.71,3.29,87.5,0,4.3,20.5,87.8,15.4,NA,"456",47.56564,16.13023,16.13023,47.56564
"47822728.00","10",19,45,36,6.41,5.96,32,1,3,22.5,257.6,13.3,NA,"323",47.49393,16.12172,16.12172,47.49393
"47822722.00","15",18,42,40,5.86,5.26,49.4,0,3.6,17.1,157.7,18,NA,"324",47.44008,16.11531,16.11531,47.44008
"47802840.00","8",21,73,5,7.87,7.28,14.1,176,1.3,20.9,202.4,16,NA,"338",48.49921,16.21685,16.21685,48.49921
"47802746.00","23",20,46,33,4.26,3.9,40.8,0,3.3,27.8,122.8,10.5,NA,"460",47.65678,16.1144,16.1144,47.65678
"47802732.00","19",15,41,45,5.91,5.67,34.8,1,3.2,30.6,56.5,7.4,NA,"457",47.53128,16.09951,16.09951,47.53128
"47802696.00","14",26,50,23,4.33,3.7,17.6,2,1.3,0,67,10.4,NA,"304",47.20847,16.06161,16.06161,47.20847
"47782854.00","13",30,56,14,7.86,7.13,19.5,10,1.9,14.1,324.8,25.8,NA,"335",48.62591,16.2056,16.2056,48.62591
"47782686.00","10",29,55,16,6.82,6.28,18.5,0,1.9,36.9,199.4,13.8,NA,"259",47.12029,16.025,16.025,47.12029
"47782656.00","9",39,51,11,6.45,5.88,24.3,1,2.8,63.5,350.8,25.2,NA,"251",46.85115,15.99412,15.99412,46.85115
"47762666.00","8",21,63,16,5.64,5.15,14.8,0,1.5,13.1,96.7,13.5,NA,"255",46.9421,15.97804,15.97804,46.9421
"47742848.00","9",30,45,24,7.53,7.03,23.5,117,1.8,13.2,292,22.2,NA,"336",48.57543,16.1447,16.1447,48.57543
"47742758.00","29",39,37,24,7.45,7.12,65.7,110,6,15.2,528.5,41,NA,"433",47.76881,16.04746,16.04746,47.76881
"47742710.00","28",25,41,34,6.31,6.09,16.1,0,1.7,0,90.8,18.2,NA,"446",47.33845,15.99709,15.99709,47.33845
"47742674.00","2",22,55,24,4.74,3.73,13.5,0,0.9,0,86.6,9.3,NA,"258",47.01552,15.96014,15.96014,47.01552
"47742664.00","5",19,39,42,5.53,4.66,19.9,0,2,0,58.8,12.8,NA,"249",46.92587,15.94997,15.94997,46.92587
"47742660.00","10",25,52,22,4.91,4.18,25.5,0,1.9,0,146.5,10.9,NA,"252",46.88998,15.94588,15.94588,46.88998
"47722816.00","2",31,50,19,7.73,7.23,14.1,104,1.7,29.3,207.7,27.6,NA,"387",48.29017,16.08283,16.08283,48.29017
"47722780.00","51",18,52,31,7.31,6.89,197.8,313,8.2,11.5,89,77.8,NA,"432",47.96751,16.0442,16.0442,47.96751
"47722698.00","11",28,58,14,6.15,5.42,17.8,0,2,26.8,151.2,16.4,NA,"312",47.23226,15.95845,15.95845,47.23226
"47722672.00","1",32,54,14,6.19,5.81,14,0,1.5,17.2,171,20.7,NA,"257",46.9993,15.93201,15.93201,46.9993
"47702848.00","16",18,56,26,7.74,7.19,15,67,1.4,27.2,360.3,14,NA,"337",48.57841,16.09073,16.09073,48.57841
"47702818.00","23",34,48,18,7.6,7.17,15.9,19,1.8,23.4,236.2,27.6,NA,"388",48.30955,16.0581,16.0581,48.30955
"47702812.00","9",21,68,11,7.94,7.4,17.3,170,1.4,13.8,200.8,16.2,NA,"333",48.25581,16.05164,16.05164,48.25581
"47702714.00","18",20,41,39,4.71,4.28,30.9,1,2.8,0,114.5,13.6,NA,"325",47.3772,15.94851,15.94851,47.3772
"47702656.00","17",24,59,17,7.52,7.05,15.2,14,1.8,37.6,180.7,19.6,NA,"247",46.8569,15.88955,15.88955,46.8569
"47682690.00","7",20,60,20,4.45,3.69,39.5,1,2,10.9,69.3,5.8,NA,"305",47.16338,15.89764,15.89764,47.16338
"47682646.00","5",39,54,7,6.39,6.05,20,1,2.2,44.8,247.8,22.9,NA,"246",46.76867,15.85342,15.85342,46.76867
"47662860.00","11",30,43,27,8.01,7.28,16.5,9,1.5,22.7,358.4,22.5,NA,"340",48.6889,16.04967,16.04967,48.6889
"47662698.00","31",29,41,30,6.37,5.84,14.1,2,1.5,84,402.6,19.1,NA,"306",47.23656,15.87944,15.87944,47.23656
"47642862.00","8",28,62,10,7.96,7.31,22.3,26,1.9,11.1,455,25.2,NA,"391",48.70829,16.02475,16.02475,48.70829
"47642830.00","5",20,70,10,7.9,7.22,16.3,76,1.6,19,390.4,17.3,NA,"339",48.42152,15.99025,15.99025,48.42152
"47642718.00","8",15,32,53,4.3,4.1,22.7,1,1.7,10.2,56.2,5.4,NA,"322",47.41735,15.87334,15.87334,47.41735
"47642704.00","6",11,29,59,4.71,4.06,27.1,1,1.7,0,67.1,3.8,NA,"313",47.29181,15.85917,15.85917,47.29181
"47642682.00","13",21,42,36,6.94,6.49,18.6,2,2,34.4,104.8,16.7,NA,"303",47.09446,15.83705,15.83705,47.09446
"47642674.00","5",26,46,28,7.14,5.81,20.5,0,2.2,0,105.2,21.9,NA,"256",47.02271,15.82904,15.82904,47.02271
"47642668.00","12",17,61,22,6.07,5.76,14.5,2,1.7,101.8,224.7,14.4,NA,"248",46.96888,15.82306,15.82306,46.96888
"47642640.00","5",9,30,61,7.12,6.83,28,2,2.4,91.8,292.7,14.9,NA,"245",46.718,15.79569,15.79569,46.718
"47622718.00","15",14,28,58,5.77,5.27,21.7,0,2.3,15.4,75.2,6.3,NA,"321",47.4188,15.84698,15.84698,47.4188
"47622700.00","9",16,38,46,6.45,5.8,41.2,2,2.2,14.9,233.4,19.1,NA,"307",47.25734,15.82883,15.82883,47.25734
"47582788.00","27",41,51,7,4.82,3.88,34.9,2,2.2,0,117.4,13.7,NA,"366",48.04936,15.86552,15.86552,48.04936
"47582694.00","20",16,29,55,6.71,6.12,19.1,1,1.7,29.1,144.6,15.5,NA,"308",47.20634,15.77017,15.77017,47.20634
"47582644.00","9",22,41,37,5.42,4.57,27.5,0,2.5,0,75.2,10.6,NA,"96",46.75774,15.72118,15.72118,46.75774
"47562664.00","4",19,47,33,6.84,6.37,17.7,0,1.9,64.3,213.3,17.5,NA,"311",46.93864,15.71436,15.71436,46.93864
"47562650.00","8",21,62,16,6.29,5.86,14.1,2,1.7,31.6,214.8,12,NA,"101",46.81245,15.70089,15.70089,46.81245
"47542840.00","7",20,68,12,7.97,7.43,14,130,1.3,17,176.5,16,NA,"363",48.51838,15.86606,15.86606,48.51838
"47522872.00","18",21,65,14,6.71,6,11.8,0,1.3,30.1,189.9,9,NA,"360",48.80663,15.87278,15.87278,48.80663
"47522800.00","4",17,44,38,4.92,3.97,19.7,0,1.7,0,61.6,8.5,NA,"365",48.16117,15.79752,15.79752,48.16117
"47522738.00","16",9,52,39,7.25,6.84,38.4,20,3.6,10.4,54.2,20.8,NA,"301",47.60523,15.73478,15.73478,47.60523
"47522710.00","24",15,33,52,4.49,3.75,108.4,2,5.7,24.6,92.6,16,NA,"319",47.35405,15.70695,15.70695,47.35405
"47522702.00","12",17,32,50,4.18,3.67,43.3,0,1.6,11.2,87.3,7,NA,"314",47.28228,15.69907,15.69907,47.28228
"47522692.00","12",20,42,38,5.83,5.44,20.7,1,2.4,86.2,289.6,11.7,NA,"289",47.19244,15.68932,15.68932,47.19244
"47502820.00","4",24,55,21,8.43,7.48,22.7,181,1.8,18.4,210.6,17.1,NA,"368",48.34192,15.79075,15.79075,48.34192
"47502798.00","26",34,57,9,5.94,5.61,38.9,1,3.8,11,119,23.9,NA,"367",48.14469,15.76875,15.76875,48.14469
"47502726.00","23",9,28,63,4.91,4.43,36.2,0,3.1,19.3,71.8,8.6,NA,"320",47.49896,15.69633,15.69633,47.49896
"47482864.00","3",32,59,9,7.79,7,25.7,13,1.9,13.8,136.1,27.5,NA,"358",48.73776,15.81008,15.81008,48.73776
"47482860.00","29",32,45,23,6.56,6.01,15.2,0,1.6,17.8,244.9,15,NA,"357",48.70184,15.8049,15.8049,48.70184
"47482810.00","3",29,59,13,8.07,7.29,13.3,32,1.5,75.5,305.9,21.1,NA,"364",48.25365,15.75419,15.75419,48.25365
"47482710.00","20",12,33,55,5.27,5.04,50.4,0,5.1,19.3,63.9,14,NA,"318",47.3568,15.65417,15.65417,47.3568
"47482656.00","3",27,57,16,4.62,4.19,63.9,3,5.3,10.4,112.9,15.2,NA,"51",46.87232,15.60198,15.60198,46.87232
"47462848.00","18",25,61,14,7.61,7.18,11.3,1,1.3,52.1,218.8,15.4,NA,"346",48.59576,15.76638,15.76638,48.59576
"47462830.00","13",33,45,22,6.96,6.46,16.4,1,1.7,56.1,361.3,22.4,NA,"362",48.43438,15.74776,15.74776,48.43438
"47462794.00","8",14,41,44,4.73,4.05,16.1,0,1.2,0,127.7,3.8,NA,"370",48.11161,15.71113,15.71113,48.11161
"47462764.00","11",40,57,3,7.09,6.66,55.5,19,3.5,0,106,33.4,NA,"449",47.84259,15.68097,15.68097,47.84259
"47462736.00","16",18,44,38,5.45,5.27,42,2,4.1,23.6,77.4,16.4,NA,"302",47.59142,15.65325,15.65325,47.59142
"47462712.00","11",9,27,64,5.35,4.93,37.6,1,3.7,18.4,217,9.4,NA,"317",47.37614,15.62974,15.62974,47.37614
"47462692.00","17",14,31,55,5.15,4.69,21.5,0,2,0,69.3,10.5,NA,"277",47.19672,15.61031,15.61031,47.19672
"47462636.00","3",22,36,42,4.76,3.83,19.9,1,1.5,0,93.2,10.3,NA,"99",46.69415,15.5569,15.5569,46.69415
"47442674.00","16",18,56,26,6.7,6.1,21.3,1,2.3,38.5,217.7,21.4,NA,"290",47.036444,15.56672,15.56672,47.036444
"47442670.00","5",19,54,27,4.33,3.83,13.1,0,1.1,11.2,122.7,7.7,NA,"292",47.00064,15.56295,15.56295,47.00064
"47442660.00","9",21,50,29,5.56,5.13,11.1,1,1,13.1,102.7,12.4,NA,"293",46.91088,15.55348,15.55348,46.91088
"47442642.00","5",19,42,39,7,6.15,16.5,0,1.6,12.7,64.3,14.9,NA,"98",46.74932,15.53648,15.53648,46.74932
"47422872.00","13",11,52,36,4.24,3.82,33.7,2,1.8,41.4,45.2,6.8,NA,"355",48.81371,15.73694,15.73694,48.81371
"47422854.00","15",11,42,47,5.18,4.41,54.6,2,3.1,23.8,147.1,11.1,NA,"345",48.6523,15.71855,15.71855,48.6523
"47402788.00","5",24,35,41,5.72,5.48,28.5,1,3,11.5,96.1,14.6,NA,"369",48.06182,15.62483,15.62483,48.06182
"47402780.00","38",39,55,6,7.14,6.72,53.4,22,4,0,158.1,33.4,NA,"372",47.99018,15.61684,15.61684,47.99018
"47402702.00","31",22,43,35,4.06,3.61,153.9,0,7,24.1,101.4,18.2,NA,"285",47.29046,15.54089,15.54089,47.29046
"47382732.00","23",6,23,71,4.42,3.59,56.6,0,3.5,34.6,89.4,10.2,NA,"300",47.56105,15.54336,15.54336,47.56105
"47382700.00","14",23,46,31,6.8,6.62,53.8,8,5.7,18.7,88.6,26,NA,"287",47.27392,15.51265,15.51265,47.27392
"47382664.00","11",16,36,48,5.33,4.94,16.8,3,1.8,47.2,213.8,3.8,NA,"294",46.95068,15.47879,15.47879,46.95068
"47382634.00","20",16,28,56,6.03,5.6,41.4,1,3,0,186.9,15.5,NA,"93",46.6815,15.45084,15.45084,46.6815
"47362862.00","21",13,51,36,6.19,5.6,18.6,0,1.9,12.1,75.7,9.3,NA,"352",48.72819,15.64551,15.64551,48.72819
"47362856.00","9",25,60,15,7.67,7.12,12.9,3,1.4,16.8,201.7,17.7,NA,"398",48.67443,15.63923,15.63923,48.67443
"47362816.00","10",27,42,31,7.45,6.63,17,0,1.6,42.3,254.6,18.5,NA,"371",48.31575,15.59901,15.59901,48.31575
"47362808.00","7",29,42,29,7.35,6.7,13.5,3,1.6,136.3,514.4,15.9,NA,"381",48.24413,15.58997,15.58997,48.24413
"47362636.00","4",22,48,31,6.28,5.48,30.2,14,1.3,0,82.8,9.8,NA,"94",46.70079,15.42657,15.42657,46.70079
"47322870.00","20",28,41,31,6.93,6.56,14.4,4,1.7,38,326.5,16.4,NA,"356",48.80273,15.59906,15.59906,48.80273
"47322802.00","18",23,58,19,7.72,7.32,22.4,136,1.9,16.3,338.4,17.7,NA,"373",48.19296,15.53145,15.53145,48.19296
"47322798.00","6",22,75,3,7.51,6.84,16.3,2,1.9,99.6,1020.8,13.9,NA,"374",48.15717,15.52842,15.52842,48.15717
"47322686.00","24",27,53,20,6.06,5.76,83.8,4,4,0,111.9,26.4,NA,"282",47.15221,15.4206,15.4206,47.15221
"47322640.00","23",30,51,19,6.56,6.18,25.3,1,2.4,0,120.3,26.3,NA,"104",46.73934,15.3781,15.3781,46.73934
"47302860.00","6",12,35,53,4.86,3.88,15.6,0,1,0,60.6,5.3,NA,"343",48.71435,15.56195,15.56195,48.71435
"47302846.00","18",13,37,50,6.33,5.68,21.1,0,1.9,30.2,118.6,8.8,NA,"385",48.58884,15.54801,15.54801,48.58884
"47302738.00","39",14,34,52,4.84,4.41,71.5,1,4.9,30.6,99.5,10.3,NA,"310",47.62019,15.44301,15.44301,47.62019
"47302694.00","23",16,46,38,6.13,5.96,61.1,2,6.1,83.3,214.2,21.6,NA,"288",47.22535,15.40163,15.40163,47.22535
"47302662.00","7",20,49,31,5.91,5.44,16.8,0,1.5,44.1,140.7,12.7,NA,"295",46.93805,15.37188,15.37188,46.93805
"47282676.00","5",24,55,21,4.33,3.56,18.2,0,1.2,0,55.4,9.9,NA,"297",47.06507,15.35869,15.35869,47.06507
"47262792.00","12",26,62,12,7.11,6.8,46,21,5,21.6,125.3,33.7,NA,"375",48.10724,15.44129,15.44129,48.10724
"47242774.00","18",50,48,3,6.3,5.87,72,7,5.4,10.1,298.9,47.4,NA,"376",47.94696,15.39734,15.39734,47.94696
"47242700.00","24",23,45,33,6.98,6.7,115.9,27,6.2,0,88.3,36,NA,"284",47.28316,15.32823,15.32823,47.28316
"47242638.00","11",20,45,35,4.33,3.86,44.5,0,2.1,0,146.6,9.1,NA,"97",46.72655,15.27188,15.27188,46.72655
"47222878.00","6",19,50,31,4.44,3.66,23.1,0,1.8,33.4,141.3,11,NA,"353",48.88106,15.47135,15.47135,48.88106
"47222780.00","25",43,51,5,5.42,4.59,68.2,1,4.2,0,127,27.9,NA,"377",48.00218,15.37632,15.37632,48.00218
"47202848.00","3",12,24,65,5.45,4.93,26.4,0,2.8,11.6,51.9,9.3,NA,"386",48.61348,15.41474,15.41474,48.61348
"47202670.00","29",24,32,45,5.84,5.46,21.8,1,2.3,0,1019,14.3,NA,"298",47.01638,15.24828,15.24828,47.01638
"47182862.00","7",21,54,25,4.8,4.19,18.7,0,2.1,18.4,61.5,9.8,NA,"354",48.74036,15.40149,15.40149,48.74036
"47182802.00","8",19,74,8,5.37,4.61,15,0,1.4,0,77.9,10,NA,"379",48.20222,15.34367,15.34367,48.20222
"47182790.00","7",18,60,21,6.35,5.45,12.5,0,1.6,17,109.2,12.1,NA,"378",48.09424,15.33188,15.33188,48.09424
"47182762.00","19",45,50,5,6.89,6.61,92,90,5.1,0,96.3,55.1,NA,"315",47.84333,15.30601,15.30601,47.84333
"47162666.00","13",21,40,38,4.83,4.5,37.5,2,3.2,18.9,64.3,6.4,NA,"299",46.98299,15.19225,15.19225,46.98299
"47162650.00","25",13,30,57,4.77,4.34,34,0,3,14,49.4,7.8,NA,"53",46.83933,15.17811,15.17811,46.83933
"47142646.00","12",7,45,48,4,3.51,91.1,2,5.3,20.6,87.9,7.2,NA,"100",46.80467,15.14844,15.14844,46.80467
"47122882.00","19",9,26,64,5.75,5.2,11.3,0,1.3,28.1,59.6,10.3,NA,"351",48.92362,15.33921,15.33921,48.92362
"47122828.00","6",16,39,46,6.49,5.74,15.9,0,1.7,13.2,85.7,10.2,NA,"384",48.43902,15.28752,15.28752,48.43902
"47122726.00","18",17,57,26,7.22,6.93,50.1,114,4.4,31,85.7,21.4,NA,"296",47.52405,15.19329,15.19329,47.52405
"47102790.00","7",25,56,19,6.25,5.41,30.5,3,2.8,11.3,100,17.9,NA,"380",48.09968,15.22511,15.22511,48.09968
"47082858.00","11",14,41,45,6.87,6.35,13.3,1,1.5,25.5,112.4,9,NA,"349",48.71081,15.26222,15.26222,48.71081
"47082776.00","9",36,53,11,4.75,4.05,20.6,0,2,0,56.6,10.9,NA,"238",47.9753,15.1855,15.1855,47.9753
"47062836.00","8",18,35,47,5.89,5.53,33,3,2.9,12.3,122.5,15.6,NA,"154",48.51494,15.2141,15.2141,48.51494
"47042874.00","13",18,46,36,5.6,4.59,17.6,0,1.8,18.8,90.3,7.7,NA,"350",48.85696,15.2229,15.2229,48.85696
"47042852.00","4",25,47,28,5.14,4.49,35,1,3.5,23.1,126.2,11,NA,"347",48.65971,15.20201,15.20201,48.65971
"47042820.00","8",13,26,61,5.72,5.58,21,2,1.9,21.3,218.8,8.2,NA,"173",48.37249,15.17243,15.17243,48.37249
"47042788.00","4",45,42,13,7.57,6.95,64.6,15,4.9,10.9,161.4,49.5,NA,"237",48.08554,15.14295,15.14295,48.08554
"47042712.00","18",21,51,28,6.24,5.96,63.8,0,6.9,50,358.8,26.2,NA,"283",47.40323,15.07521,15.07521,47.40323
"47042684.00","33",18,39,42,5.83,5.54,35.4,0,4.1,11.4,280.4,14.8,NA,"309",47.15207,15.05053,15.05053,47.15207
"47022864.00","12",17,25,58,6.73,6.38,18.9,3,1.8,56.5,186,10.9,NA,"348",48.7686,15.18612,15.18612,48.7686
"47022848.00","22",13,31,56,6.56,6.1,23.8,0,2.2,40.3,366,11.2,NA,"153",48.62579,15.17151,15.17151,48.62579
"47022702.00","4",11,47,42,4.19,3.83,34.5,0,1.9,12.4,75.6,12.6,NA,"286",47.31496,15.0398,15.0398,47.31496
"47002816.00","18",16,25,59,4.39,3.71,55.7,0,2.6,0,70.6,8.8,NA,"383",48.33929,15.11484,15.11484,48.33929
"47002806.00","10",19,40,41,4.92,4.18,58.1,1,4.9,17.1,141.3,5.8,NA,"382",48.24957,15.10567,15.10567,48.24957
"46982766.00","18",26,66,8,7.42,7.15,120.8,217,7.2,0,72.6,60.3,NA,"239",47.89182,15.04298,15.04298,47.89182
"46962838.00","32",12,27,62,6.09,5.71,22,1,2,22.8,75.8,10.2,NA,"155",48.53914,15.08086,15.08086,48.53914
"46962744.00","27",0,0,0,7.49,6.96,227.8,241,11.1,16.3,91.4,96.2,NA,"265",47.69557,14.99701,14.99701,47.69557
"46962618.00","33",19,44,37,4.19,3.68,33.3,1,2,15.2,90.9,9.8,NA,"20703",46.56417,14.89002,14.89002,46.56417
"46942878.00","19",12,39,50,4.01,3.3,52,0,2.6,21.4,62.5,6.8,NA,"341",48.89921,15.09048,15.09048,48.89921
"46942846.00","20",15,23,62,3.85,3.33,100.2,0,4.1,23.6,160.1,11.3,NA,"156",48.61214,15.06112,15.06112,48.61214
"46922800.00","9",10,26,64,5.23,4.98,22.9,0,2.4,24.2,81.8,10.4,NA,"228",48.20063,14.99286,14.99286,48.20063
"46902858.00","26",11,30,59,5.92,4.82,21.1,0,2,32.4,193.2,7.6,NA,"152",48.72225,15.01784,15.01784,48.72225
"46902810.00","30",16,38,46,5.89,5.64,29.7,1,2.9,41.5,168.7,11.7,NA,"227",48.29155,14.97484,14.97484,48.29155
"46902756.00","15",31,67,2,5.2,4.7,22.5,3,2.6,0,100.8,7.4,NA,"240",47.80693,14.92761,14.92761,47.80693
"46882726.00","14",19,39,41,4.44,4.14,25.3,1,2.1,0,122.2,8.4,NA,"316",47.53878,14.8754,14.8754,47.53878
"46882710.00","6",8,57,35,5.78,5.07,21.2,1,2.2,14.6,28.9,7,NA,"280",47.39512,14.8619,14.8619,47.39512
"46882650.00","12",20,35,45,6.41,6.06,27.3,0,2.5,32.3,100.1,15.2,NA,"11",46.85632,14.81198,14.81198,46.85632
"46862842.00","27",16,28,56,6.07,5.26,31.9,2,2.8,29.1,464.6,10.3,NA,"157",48.58115,14.94929,14.94929,48.58115
"46862684.00","14",17,43,40,5.53,5.13,38.4,1,2.9,0,68.6,17.2,NA,"281",47.16287,14.81385,14.81385,47.16287
"46862636.00","13",19,38,43,6.26,6.1,42.4,0,3.9,75.6,757,29.3,NA,"18",46.73172,14.77444,14.77444,46.73172
"46862630.00","9",7,55,38,6.67,6.31,15.3,0,1.4,0,47,13.7,NA,"16",46.67797,14.76969,14.76969,46.67797
"46842852.00","12",20,26,54,6.5,6.19,44.5,5,4.3,19.8,546,18,NA,"151",48.6721,14.9311,14.9311,48.6721
"46842682.00","2",9,38,53,5.72,5.34,22,0,2.1,22.1,76.1,11,NA,"278",47.14589,14.78615,14.78615,47.14589
"46822852.00","28",13,27,60,3.85,3.27,108.3,1,4.2,69,110.5,13.2,NA,"210",48.67327,14.90403,14.90403,48.67327
"46822808.00","20",23,40,37,4.22,3.95,56.2,0,4.8,35.3,136.9,11.3,NA,"229",48.27839,14.86554,14.86554,48.27839
"46822790.00","35",21,38,41,7.74,7.17,29.3,67,2.2,59.5,223.9,18.3,NA,"212",48.11686,14.85003,14.85003,48.11686
"46782820.00","39",16,28,56,5.76,4.85,26.3,1,2.4,80,125.2,9.4,NA,"226",48.38832,14.82236,14.82236,48.38832
"46782778.00","29",36,44,20,6.22,5.81,28.2,2,2.8,80.3,359.2,21.5,NA,"244",48.01149,14.78626,14.78626,48.01149
"46782766.00","10",39,56,5,4.86,4.39,35.5,2,2.9,0,166.4,18.2,NA,"242",47.90374,14.77618,14.77618,47.90374
"46742854.00","27",34,35,31,4.86,4.21,82.2,1,6.7,22.6,199.6,10.1,NA,"211",48.69593,14.79731,14.79731,48.69593
"46742758.00","9",30,65,5,5.5,5.08,24.8,0,2.8,11.4,82.8,14.8,NA,"241",47.83426,14.71613,14.71613,47.83426
"46722832.00","11",9,26,65,4.14,3.73,53.8,2,3.6,31.2,98.9,5.5,NA,"174",48.49965,14.75141,14.75141,48.49965
"46722822.00","44",13,25,62,5.37,5.12,54.6,0,4.3,28.1,85.9,13.5,NA,"176",48.40991,14.74291,14.74291,48.40991
"46722792.00","16",35,59,6,5.71,5.26,22.8,0,2.4,18.6,175.2,19.8,NA,"213",48.14063,14.71768,14.71768,48.14063
"46722786.00","13",23,61,16,6.6,6.36,15.8,1,1.9,85.1,198.6,15.3,NA,"216",48.08677,14.71266,14.71266,48.08677
"46702646.00","28",13,32,54,5.33,5.04,36.7,0,3.9,19.3,88.5,18.9,NA,"27",46.83061,14.5734,14.5734,46.83061
"46682824.00","27",16,30,54,4.23,3.71,50.9,2,2.4,32.5,93.7,8.8,NA,"175",48.43018,14.69066,14.69066,48.43018
"46682788.00","11",20,47,32,5.09,4.78,14.1,1,1.7,72.7,260.9,8,NA,"215",48.10699,14.66075,14.66075,48.10699
"46682636.00","18",23,48,29,5.75,5.45,35.7,2,2.6,0,43.2,18.1,NA,"23",46.74185,14.53951,14.53951,46.74185
"46662794.00","14",43,52,4,4.42,4.12,44.5,0,3.6,24.4,386.8,20.6,NA,"214",48.16199,14.63893,14.63893,48.16199
"46662780.00","3",35,51,15,6.18,5.83,34.4,1,3.3,18.4,94.7,22.1,NA,"217",48.0363,14.6274,14.6274,48.0363
"46642802.00","8",19,42,39,5.61,5.29,42.6,0,3.3,59.9,253.2,14.9,NA,"225",48.23492,14.61852,14.61852,48.23492
"46642772.00","15",27,45,27,5.69,4.7,18.4,0,2,0,196.2,11.1,NA,"269",47.96561,14.59413,14.59413,47.96561
"46622638.00","24",16,38,46,7.43,7.1,22.9,77,2,60.2,96.9,15.6,NA,"31",46.76313,14.46271,14.46271,46.76313
"46602762.00","12",43,50,7,5.61,5.19,38.6,2,3.4,0,195.6,31.1,NA,"243",47.87805,14.53267,14.53267,47.87805
"46602618.00","27",16,36,48,7.6,7.2,28.6,111,2.7,11.3,56.6,18.9,NA,"24",46.58448,14.42158,14.42158,46.58448
"46582774.00","8",32,53,15,5.88,5.07,24.3,0,2.6,10.1,94.3,17,NA,"268",47.98689,14.51555,14.51555,47.98689
"46582638.00","29",17,37,46,7.58,7.14,20.7,95,1.8,12.8,151.4,15.4,NA,"30",46.76525,14.4099,14.4099,46.76525
"46562790.00","5",14,77,9,7.58,7.1,12.5,2,1.5,37.5,254.3,11.2,NA,"218",48.13165,14.50153,14.50153,48.13165
"46562632.00","12",19,40,41,6.52,6.16,21.1,0,1.9,38.2,66,14.1,NA,"32",46.71286,14.38137,14.38137,46.71286
"46542804.00","14",18,74,7,7.66,7.12,17.8,117,1.6,31.2,190.4,13.7,NA,"224",48.25844,14.48716,14.48716,48.25844
"46542614.00","8",9,40,51,7.74,7.3,37.9,174,2.3,0,42.9,17.6,NA,"25",46.55171,14.34057,14.34057,46.55171
"46522836.00","27",40,26,34,5.41,5.14,74.1,0,6.8,39.7,331.3,19.4,NA,"158",48.54683,14.4845,14.4845,48.54683
"46522722.00","36",12,49,39,6.36,5.83,31.7,3,3.4,20.5,69.6,7,NA,"235",47.52314,14.39511,14.39511,47.52314
"46522640.00","37",10,44,47,4.31,3.55,36.8,1,1.9,33.1,65.9,8.1,NA,"35",46.78643,14.33363,14.33363,46.78643
"46522632.00","28",14,35,51,7.29,7.09,42.1,68,3.5,17.3,90.9,22.6,NA,"33",46.71455,14.32761,14.32761,46.71455
"46522628.00","9",24,45,30,5.62,5.27,169.8,0,12.8,29.7,142.5,67.3,NA,"29",46.67859,14.32471,14.32471,46.67859
"46522626.00","18",13,38,49,5.9,5.52,38.1,2,3.2,0,47.8,16,NA,"28",46.66061,14.32331,14.32331,46.66061
"46502820.00","19",11,23,65,4.33,3.81,78.6,0,4.4,97.3,331.1,9.2,NA,"190",48.40425,14.44473,14.44473,48.40425
"46502798.00","3",28,68,4,6.57,6.26,21.8,2,2.3,41.7,181.4,20.3,NA,"219",48.20674,14.42735,14.42735,48.20674
"46502784.00","2",38,54,8,6.94,6.18,37,2,3.7,37,168.6,28.3,NA,"222",48.08103,14.41637,14.41637,48.08103
"46502766.00","4",25,59,16,7.84,7.24,31.3,106,1.4,0,106.5,21.5,NA,"270",47.91938,14.40238,14.40238,47.91938
"46482830.00","10",17,31,52,5.38,5.06,31.7,0,3,18.4,86.9,12,NA,"159",48.49513,14.42566,14.42566,48.49513
"46482646.00","15",10,43,47,6.98,6.72,37.7,5,3.8,19.2,271.6,18.3,NA,"36",46.84252,14.28515,14.28515,46.84252
"46482614.00","23",12,51,37,7.83,7.38,42.6,95,3.9,13.8,59.5,25,NA,"20",46.55484,14.26247,14.26247,46.55484
"46442722.00","22",16,49,35,5.61,5.26,44.7,2,4.9,15.2,32.3,15.2,NA,"236",47.52776,14.28916,14.28916,47.52776
"46422762.00","16",53,38,9,7.24,7.06,105.1,200,6.9,15.1,186.4,66.2,NA,"267",47.8877,14.2925,14.2925,47.8877
"46422682.00","3",23,73,4,5.28,4.9,42.6,0,4,12.2,68.7,16.7,NA,"275",47.16906,14.23314,14.23314,47.16906
"46422624.00","18",16,41,42,5.19,4.54,22.7,0,2.2,22.1,54.6,5.8,NA,"26",46.64781,14.19147,14.19147,46.64781
"46382836.00","19",15,22,64,4.06,3.52,48.6,1,2.3,26.1,54.1,9.8,NA,"161",48.55431,14.29521,14.29521,48.55431
"46382834.00","8",15,27,58,5.78,5.45,28.9,1,2.9,16.2,70.9,9.9,NA,"160",48.53634,14.29369,14.29369,48.53634
"46382830.00","17",23,53,24,5.24,4.95,47.6,0,4.8,47.9,81.9,14.2,NA,"168",48.50043,14.29061,14.29061,48.50043
"46382776.00","9",32,58,10,6.25,5.88,21.9,2,2.1,84.6,324.5,16.8,NA,"223",48.01552,14.24961,14.24961,48.01552
"46382758.00","28",45,45,10,7.01,6.94,162.3,155,9.2,11,206.9,82.2,NA,"266",47.85385,14.23615,14.23615,47.85385
"46362822.00","13",0,0,0,4.13,3.12,330.3,0,15.3,97.7,528.3,30.9,NA,"191",48.42971,14.2576,14.2576,48.42971
"46362810.00","11",18,38,44,4.12,3.77,37.6,1,2.9,16.4,131.6,7.7,NA,"197",48.32187,14.24839,14.24839,48.32187
"46362804.00","9",17,78,4,6.46,6.08,10.8,1,1.2,26.3,125.2,10.2,NA,"196",48.2681,14.24426,14.24426,48.2681
"46362610.00","38",0,0,0,6.77,6.45,294.5,242,11.4,40.9,155.2,87.6,NA,"38",46.52496,14.10356,14.10356,46.52496
"46342786.00","13",19,67,13,6.97,6.33,10.7,0,1.4,52.2,139.1,12.7,NA,"220",48.10767,14.20356,14.20356,48.10767
"46322834.00","13",18,31,51,5.34,5.08,29.9,1,2.7,24.9,264,7,NA,"162",48.53947,14.21256,14.21256,48.53947
"46302720.00","16",18,79,3,5.28,4.71,97,0,6.9,16.4,67.1,13.7,NA,"233",47.51706,14.10154,14.10154,47.51706
"46302632.00","10",15,59,26,5.74,5.41,49.2,1,5.3,23.6,93.3,14.2,NA,"37",46.72568,14.04057,14.04057,46.72568
"46282798.00","8",21,76,3,6.29,5.99,14.6,1,1.7,62.8,266.2,14.7,NA,"221",48.2182,14.13185,14.13185,48.2182
"46262794.00","9",21,44,35,7.56,7.22,55,246,3.9,32.3,74,31.3,NA,"179",48.18349,14.10229,14.10229,48.18349
"46262782.00","14",33,65,2,6.59,6.37,48.1,2,3.9,10.4,74.4,32.6,NA,"178",48.07552,14.09335,14.09335,48.07552
"46262776.00","9",21,55,24,7.22,6.84,19.8,17,2.1,17.4,68,17.8,NA,"253",48.02105,14.08901,14.08901,48.02105
"46262620.00","12",16,36,48,6.97,6.71,44.5,11,4.3,127.6,130.5,24.4,NA,"34",46.61979,13.98016,13.98016,46.61979
"46242762.00","9",32,48,20,4.32,3.66,31.9,1,2,0,82.4,14.9,NA,"271",47.8969,14.0524,14.0524,47.8969
"46222818.00","23",19,32,50,5.24,4.83,35.5,0,3.5,27.6,919.7,11.2,NA,"195",48.40083,14.06571,14.06571,48.40083
"46222796.00","17",33,66,1,6.37,6.04,21.4,0,2.7,53.1,111.4,24.1,NA,"180",48.20322,14.0498,14.0498,48.20322
"46202830.00","15",20,30,50,6.04,5.78,29,0,2.9,12.1,68.1,14.9,NA,"166",48.50959,14.04741,14.04741,48.50959
"46202812.00","3",15,45,40,7.54,7.05,10.8,8,1.2,37,94,10.1,NA,"189",48.34792,14.03445,14.03445,48.34792
"46202808.00","7",16,45,38,7.71,7.22,17.9,100,1.5,52.4,105.9,11.9,NA,"188",48.31194,14.03181,14.03181,48.31194
"46202782.00","4",22,70,7,6.87,6.42,18.9,0,2.1,27.5,254.7,17.9,NA,"177",48.07874,14.01425,14.01425,48.07874
"46182828.00","5",20,30,50,5.34,4.96,37.2,1,3.9,33.2,101.2,12.9,NA,"167",48.49261,14.01894,14.01894,48.49261
"46182814.00","7",14,70,16,6.45,6.01,11.6,2,1.3,73.6,160.5,7.5,NA,"187",48.36692,14.00876,14.00876,48.36692
"46182722.00","16",28,47,25,5.79,5.5,44.6,1,3.7,11.4,84.7,20.9,NA,"232",47.5405,13.94404,13.94404,47.5405
"46162710.00","15",12,55,33,7.08,6.79,56.3,77,5.5,18.8,28.6,22.3,NA,"234",47.4335,13.9098,13.9098,47.4335
"46142788.00","15",22,50,28,7.41,6.97,14,4,1.5,60.3,119.6,19.9,NA,"181",48.13526,13.93676,13.93676,48.13526
"46102852.00","24",15,33,52,4.71,4.31,139.5,1,9.1,56.2,147.6,13,NA,"163",48.71204,13.92779,13.92779,48.71204
"46102812.00","8",13,43,44,5.59,4.93,13.4,1,1.5,27.8,122.5,7.1,NA,"194",48.35277,13.89967,13.89967,48.35277
"46102762.00","26",34,53,13,6.04,5.66,40,0,2.9,0,80.8,28.1,NA,"102",47.9036,13.86532,13.86532,47.9036
"46102726.00","50",11,23,66,4.43,3.96,41,0,2.4,22.5,72.6,9.8,"many stones","231",47.58012,13.84104,13.84104,47.58012
"46102610.00","19",25,46,28,3.73,3.16,145,0,7.2,48.1,59.4,19.2,NA,"42",46.53735,13.76542,13.76542,46.53735
"46082830.00","12",21,36,43,6.04,5.77,21.6,0,2.3,43.8,364.6,12.7,NA,"165",48.5155,13.88532,13.88532,48.5155
"46082776.00","13",21,73,6,7.24,6.71,18.9,6,2,62.8,203.1,14.6,NA,"90",48.03031,13.8481,13.8481,48.03031
"46082614.00","1",9,22,69,7.22,6.94,37.3,71,3.1,0,28.2,14,NA,"45",46.57426,13.74185,13.74185,46.57426
"46062818.00","7",17,30,53,5.1,4.78,25,1,2.5,23.4,189.3,7.3,NA,"186",48.40854,13.84996,13.84996,48.40854
"46042842.00","13",20,33,47,5.36,4.55,30.8,1,3,15.5,82.2,7.9,NA,"164",48.62505,13.83943,13.83943,48.62505
"46022826.00","10",18,30,52,4.98,4.7,31.6,0,3,28.7,124.5,6,NA,"185",48.48233,13.80135,13.80135,48.48233
"46022802.00","12",24,70,6,5.56,5.31,28.7,1,3.1,21.4,95.2,13.3,NA,"193",48.26668,13.78517,13.78517,48.26668
"46002792.00","2",23,54,23,7.32,6.82,37.8,80,2.6,17.4,150.4,28.4,NA,"183",48.17778,13.75163,13.75163,48.17778
"46002732.00","2",55,43,2,6.58,5.8,45.3,9,2.7,0,224.7,35.3,NA,"230",47.6386,13.71218,13.71218,47.6386
"45982782.00","5",16,41,44,4.03,3.45,59.3,1,3.2,16.2,68.9,13.4,NA,"182",48.08886,13.71813,13.71813,48.08886
"45982612.00","42",19,39,42,5.27,4.97,29.3,0,3.2,17.8,56.6,11.2,NA,"44",46.56073,13.61049,13.61049,46.56073
"45962824.00","4",0,0,0,3.94,3.25,287.4,0,17.2,36.1,258.5,37.9,NA,"171",48.46707,13.71906,13.71906,48.46707
"45962820.00","8",22,35,44,4.84,4.5,34.4,0,2.8,21,115.3,8.9,NA,"184",48.43113,13.71639,13.71639,48.43113
"45942634.00","10",9,46,45,7.31,7.06,30.9,27,2.8,24.8,95.1,15,NA,"41",46.7603,13.57171,13.57171,46.7603
"45922802.00","9",25,69,6,7.41,7.08,23.7,8,2.7,12.2,106,23.9,NA,"192",48.27125,13.65041,13.65041,48.27125
"45922772.00","11",21,68,10,7,6.68,17.6,0,1.8,66.2,198,15.4,NA,"61",48.00164,13.63132,13.63132,48.00164
"45902778.00","5",15,29,56,4.56,4.31,28.9,1,2.5,20.5,65.3,7.8,NA,"72",48.05646,13.60837,13.60837,48.05646
"45902768.00","7",30,52,19,4.98,4.36,24.7,0,2.6,14.5,180.6,15.4,NA,"87",47.96656,13.60182,13.60182,47.96656
"45882646.00","19",12,32,56,5.54,5.23,48.7,1,4.9,15.9,88.3,11.6,NA,"46",46.87078,13.50046,13.50046,46.87078
"45882618.00","13",18,44,38,7.18,6.99,35.6,13,3.5,18.7,58.6,20.9,NA,"40",46.61897,13.48385,13.48385,46.61897
"45842808.00","13",26,62,12,7.52,7.08,21.4,9,2.3,20.3,112.2,19.8,NA,"68",48.32863,13.54681,13.54681,48.32863
"45842800.00","7",25,63,11,6.97,6.47,24.5,1,2.7,15.8,92.2,22.5,NA,"69",48.25693,13.5408,13.5408,48.25693
"45842754.00","24",21,43,36,7.37,6.89,26.1,13,2.7,70,152.2,20.1,NA,"66",47.84292,13.51371,13.51371,47.84292
"45822832.00","40",20,32,48,7.01,6.63,9.4,1,0.9,21.7,118.8,8.3,"many stones","170",48.54512,13.53503,13.53503,48.54512
"45822828.00","17",13,28,59,3.79,3.36,111.9,0,6,26.1,106.5,15.3,NA,"169",48.50919,13.53254,13.53254,48.50919
"45822796.00","18",38,47,15,6.3,5.99,37.6,2,3.9,36.9,72.1,38.1,NA,"73",48.22157,13.51466,13.51466,48.22157
"45802818.00","30",29,63,8,5.39,5.07,66.1,1,2.9,30.1,133.9,20.7,NA,"172",48.4202,13.49923,13.49923,48.4202
"45782636.00","28",4,16,80,6.96,6.58,24,6,2.2,36.2,57.1,9,NA,"464",46.78484,13.3626,13.3626,46.78484
"45762794.00","6",17,31,52,5.72,5.35,15.5,0,1.8,70.5,149.9,13.7,NA,"63",48.20622,13.43053,13.43053,48.20622
"45742826.00","3",18,77,5,5.36,4.5,17,2,2,0,60.4,8.3,NA,"1948",48.49459,13.42314,13.42314,48.49459
"45742784.00","36",21,35,44,5.96,5.57,29.8,1,2.8,19.5,69.9,16,NA,"60",48.11714,13.39763,13.39763,48.11714
"45742766.00","22",21,53,27,7.25,6.97,73.3,91,6.4,23.4,114.7,33.7,NA,"106",47.95543,13.38686,13.38686,47.95543
"45742754.00","31",28,49,23,5.23,3.94,17.1,0,1.4,0,47.4,11.8,NA,"65",47.84753,13.37966,13.37966,47.84753
"45742708.00","22",17,45,37,6.21,5.95,42.9,1,3.8,14.7,80.8,11.1,NA,"121",47.43406,13.35274,13.35274,47.43406
"45722796.00","2",19,41,40,5.13,4.5,22,0,2.2,10.6,80.9,8.1,NA,"62",48.22584,13.37799,13.37799,48.22584
"45722786.00","23",29,43,29,5.56,5,31.6,1,3.2,15.7,133.9,18.9,NA,"59",48.13598,13.37203,13.37203,48.13598
"45722724.00","15",28,46,26,5.57,5.21,51,0,5.5,26.3,91.2,18.6,NA,"120",47.57868,13.33551,13.33551,47.57868
"45702816.00","6",20,58,23,6.8,6.28,15.5,0,1.6,66.6,157.8,11.1,NA,"1950",48.40642,13.36307,13.36307,48.40642
"45702780.00","29",16,40,45,3.59,2.77,119.1,0,5.8,10.1,65,17.2,NA,"56",48.08287,13.34164,13.34164,48.08287
"45682806.00","40",17,56,26,7.58,7.24,17.4,201,1,13.1,128.9,13.4,"many stones","67",48.31737,13.33014,13.33014,48.31737
"45682788.00","32",17,35,48,3.9,3.22,71.2,0,3.6,10.4,54,14.9,NA,"58",48.15559,13.31952,13.31952,48.15559
"45682768.00","17",47,43,10,4.62,4.31,52.9,0,4.4,21.7,121.7,27.1,NA,"105",47.97585,13.30775,13.30775,47.97585
"45682752.00","12",33,41,26,5.24,4.72,39,0,3.8,26.4,62.3,19.8,NA,"64",47.83202,13.29848,13.29848,47.83202
"45662766.00","14",18,32,50,4.63,4.08,62,0,4,0,137.9,9.2,NA,"54",47.95867,13.27983,13.27983,47.95867
"45662728.00","8",44,48,8,5,4.62,44.9,0,5,0,287.3,21.3,NA,"119",47.61708,13.25811,13.25811,47.61708
"45642800.00","9",19,74,7,6.5,6.26,14.6,1,1.5,36.2,128.1,15.6,NA,"74",48.265125,13.272005,13.272005,48.265125
"45642750.00","29",23,54,24,5,4.66,52.6,0,3.7,34,135.1,9.7,NA,"107",47.81569,13.2441,13.2441,47.81569
"45642724.00","30",15,44,41,7.91,7.14,17.7,162,1.3,0,32.1,15.6,NA,"465",47.58189,13.22929,13.22929,47.58189
"45642708.00","4",10,47,43,7.32,7.02,30.9,19,3.1,10.7,29,14.4,NA,"129",47.43803,13.22032,13.22032,47.43803
"45622768.00","6",19,63,18,3.71,3.36,46,0,2.9,14.9,35.1,10.6,NA,"103",47.97823,13.22754,13.22754,47.97823
"45602806.00","6",20,45,36,6.95,6.57,19.1,1,2,36.5,141.5,12,NA,"1975",48.32035,13.22256,13.22256,48.32035
"45602780.00","43",0,0,0,3.52,2.97,201.1,0,9.3,57.1,133.9,18.1,"many stones","57",48.08684,13.20756,13.20756,48.08684
"45602694.00","11",23,48,29,7.5,7.1,26.7,34,2.9,0,55.3,19.4,NA,"131",47.31371,13.15972,13.15972,47.31371
"45582736.00","21",25,62,13,5.86,5.63,41.8,2,4.1,0,87.6,29.6,NA,"116",47.6921,13.1563,13.1563,47.6921
"45562754.00","20",21,51,27,5.77,5.52,28.3,2,3,23.1,100.1,20.3,NA,"49",47.85471,13.13955,13.13955,47.85471
"45562732.00","20",22,42,36,7.09,6.95,107.3,166,7.8,127.8,318.8,36.2,NA,"115",47.65689,13.12746,13.12746,47.65689
"45562730.00","13",32,46,22,6.1,5.76,43.9,1,4.4,12.7,136.7,26.5,NA,"117",47.63895,13.12637,13.12637,47.63895
"45542800.00","33",20,44,35,7.42,7.14,17.9,5,2,40.2,81.6,13.9,NA,"143",48.26915,13.13838,13.13838,48.26915
"45542794.00","14",18,70,12,7.56,7.05,15.9,11,1.8,61.2,193.3,13.3,NA,"144",48.21432,13.13535,13.13535,48.21432
"45542782.00","9",23,49,28,3.81,3.25,54.7,0,3,11.5,61.5,16.3,NA,"50",48.10713,13.12828,13.12828,48.10713
"45542694.00","10",17,47,36,6.16,5.75,36.6,2,3.7,11.8,89.5,9.5,NA,"149",47.31598,13.08048,13.08048,47.31598
"45522768.00","7",0,0,0,5.15,4.59,275.4,1,15.6,54.3,323.9,35.8,NA,"111",47.98207,13.09374,13.09374,47.98207
"45502742.00","4",34,57,9,5.66,4.86,45.1,1,4.5,20.4,75.2,18.2,NA,"110",47.74907,13.05302,13.05302,47.74907
"45502694.00","21",12,38,50,6.65,6.12,26.2,2,2.4,28.9,130.7,9,NA,"150",47.31747,13.02762,13.02762,47.31747
"45482768.00","6",18,43,39,5.69,5.31,32.3,0,3,50.2,154.1,14.1,NA,"112",47.98355,13.04025,13.04025,47.98355
"45482622.00","9",21,40,39,3.98,3.72,90,0,5.9,0,88.4,9.8,NA,"39",46.67059,12.96444,12.96444,46.67059
"45462768.00","3",23,37,40,5.42,5.22,38.9,0,4.2,29.3,100.8,17.8,NA,"113",47.9843,13.01346,13.01346,47.9843
"45462760.00","6",23,42,35,5.39,5.11,43.5,0,4.3,65.2,119.6,16.9,NA,"109",47.91238,13.00924,13.00924,47.91238
"45442782.00","15",19,63,18,5.1,4.81,25.5,1,2.9,24.3,115.4,11.3,NA,"134",48.1109,12.99412,12.99412,48.1109
"45442766.00","14",28,52,20,4.14,3.83,66.8,0,5,31.9,143.3,15.9,NA,"114",47.967,12.98563,12.98563,47.967
"45402772.00","14",5,31,64,7.06,6.67,26.3,6,1.4,13.1,250,7.2,NA,"126",48.02244,12.93524,12.93524,48.02244
"45362782.00","21",16,38,46,4.14,3.4,84.5,0,4.3,27.4,108.2,9.9,NA,"133",48.11377,12.88688,12.88688,48.11377
"45362638.00","4",5,35,61,7.45,7.08,22.9,26,2.4,11.7,33.8,13.7,NA,"463",46.81876,12.81553,12.81553,46.81876
"45342784.00","7",10,83,8,5.83,5.42,12.4,1,1.4,17.1,71.4,7,NA,"132",48.13265,12.86008,12.86008,48.13265
"45342706.00","8",27,55,18,6.16,5.66,24.5,1,2.9,0,41.1,11.8,NA,"122",47.43106,12.82209,12.82209,47.43106
"45322702.00","14",26,34,40,5.31,4.92,51.5,0,6.1,47.7,426.1,8.5,NA,"127",47.39576,12.79371,12.79371,47.39576
"45302690.00","10",8,68,24,5.07,4.95,17.6,1,2.1,17.8,44,5.1,NA,"148",47.28853,12.76157,12.76157,47.28853
"45302640.00","11",15,31,54,6.57,6.1,28.7,0,2.7,41.7,681.5,11.7,NA,"48",46.83878,12.73808,12.73808,46.83878
"45282706.00","17",20,34,46,5.14,5.1,52.1,2,5.1,27.9,317.6,10.9,NA,"141",47.43309,12.7427,12.7427,47.43309
"45242730.00","14",61,35,5,6.54,6.19,122.9,2,8.2,17.2,158.5,73.4,NA,"137",47.6503,12.70099,12.70099,47.6503
"45242722.00","28",0,0,0,4.72,4.34,230.4,1,13.4,22.9,109.2,26.5,NA,"124",47.57832,12.69729,12.69729,47.57832
"45122688.00","5",9,46,45,5.98,5.81,48.5,4,5.2,31.5,167.2,9.7,NA,"147",47.27631,12.52298,12.52298,47.27631
"45102712.00","38",12,31,57,6.03,5.71,40.5,3,3.9,11.3,0,12.9,NA,"145",47.4928,12.507,12.507,47.4928
"45062714.00","9",27,49,23,4.32,3.87,22.2,0,1.6,0,51.5,13.8,NA,"140",47.512,12.45483,12.45483,47.512
"45002716.00","42",16,31,53,4.66,4.32,53.2,0,5.1,29.1,124.7,8.4,NA,"135",47.53175,12.37611,12.37611,47.53175
"44922728.00","11",26,44,30,5.52,5.23,45.3,1,5.2,19.2,99.4,15.3,NA,"138",47.64195,12.27467,12.27467,47.64195
"44922684.00","5",7,44,49,5.9,5.33,27.5,1,2.9,11.7,36.8,6.7,NA,"146",47.24611,12.25739,12.25739,47.24611
"44882714.00","22",24,47,29,5.47,4.98,32.6,1,3,0,115.3,5.5,NA,"123",47.51712,12.21611,12.21611,47.51712
"44782710.00","24",15,36,49,7.04,6.85,35.9,17,3.1,0,73.8,13.9,NA,"130",47.48372,12.08202,12.08202,47.48372
"44642706.00","14",18,60,21,7.04,6.88,83.5,165,6.3,21,87.6,28.2,NA,"142",47.45112,11.89512,11.89512,47.45112
"44642700.00","36",10,39,51,7.27,7.03,34,31,2.9,39.2,26.8,13.5,NA,"128",47.39716,11.89316,11.89316,47.39716
"44622688.00","26",0,0,0,5.26,4.96,204.9,1,8.5,40,199.3,32.4,NA,"125",47.28965,11.86277,11.86277,47.28965
"44542698.00","3",10,52,38,7.17,7.12,35.4,68,3.6,18.4,52.4,19.6,NA,"198",47.38139,11.76021,11.76021,47.38139
"44462690.00","5",17,52,31,6.21,5.8,27.4,1,3.1,11.9,57.1,15,NA,"199",47.31105,11.65205,11.65205,47.31105
"44382686.00","13",10,52,38,4.53,4.31,45.8,1,3,22.4,75.2,10.5,NA,"200",47.27654,11.5453,11.5453,47.27654
"44302682.00","13",15,46,40,6.29,5.96,61.7,1,6.3,22.1,80.2,24.1,NA,"201",47.24208,11.43864,11.43864,47.24208
"44222684.00","20",20,63,17,7.39,7.14,48.1,38,5.1,14.9,61.7,30.7,NA,"202",47.26135,11.33359,11.33359,47.26135
"44142686.00","0",0,0,0,6.57,6.22,364.6,82,11.7,19.2,383.4,101.9,NA,"203",47.2807,11.22838,11.22838,47.2807
"44042690.00","35",7,20,72,6.82,6.44,133.3,52,6.1,29.6,116.2,55.7,NA,"204",47.31815,11.09741,11.09741,47.31815
"43962686.00","2",12,46,42,7.69,7.28,31.4,91,3.2,12.4,46.3,16.7,NA,"205",47.28307,10.99066,10.99066,47.28307
"43802684.00","15",23,48,29,6.95,6.91,135.7,200,11.5,32.3,47.7,56.5,NA,"206",47.2668,10.77904,10.77904,47.2668
"43702704.00","43",44,44,12,7.01,6.82,144.7,107,9,14.3,140.4,59.2,NA,"207",47.44769,10.64924,10.64924,47.44769
"43182690.00","22",31,44,25,5.87,5.47,36.8,2,4,12,56.6,19.9,NA,"85",47.3236,9.96028,9.96028,47.3236
"43162706.00","10",27,45,28,4.82,4.34,22.6,0,2.4,10,61.6,12,NA,"86",47.46759,9.93373,9.93373,47.46759
"43122714.00","27",22,48,29,6.72,6.37,38.5,6,4.2,10.1,217.2,26.3,NA,"76",47.53955,9.88052,9.88052,47.53955
"43122708.00","26",41,48,10,7.32,6.85,25.3,57,2.4,0,162.2,33.9,NA,"84",47.48558,9.88063,9.88063,47.48558
"43122702.00","36",30,44,26,5.61,5.11,32.9,0,3.5,20.3,151.8,17.7,NA,"92",47.43153,9.88083,9.88083,47.43153
"43122696.00","8",54,42,4,6.37,6.04,51.3,5,3.1,0,96.7,24.5,NA,"83",47.37762,9.88103,9.88103,47.37762
"43062670.00","8",24,64,12,3.74,3.26,105.9,0,6.2,0,96.2,14.6,NA,"71",47.1434,9.80246,9.80246,47.1434
"43022714.00","8",23,39,38,6.95,6.67,40.4,8,4.4,84.8,70.8,25.2,NA,"79",47.53933,9.7478,9.7478,47.53933
"43022704.00","39",11,24,65,4.52,4,41.7,0,2.7,11.8,102.2,8,NA,"77",47.44873,9.7487,9.7487,47.44873
"43022698.00","40",11,28,61,3.57,2.9,106.7,0,4.5,77.1,103.5,11.2,"many stones","75",47.39535,9.7485,9.7485,47.39535
"43002704.00","10",21,67,13,7.51,7.09,27.2,189,2.5,0,74.9,24.3,NA,"78",47.44927,9.72177,9.72177,47.44927
"42982676.00","12",33,42,25,4.06,3.43,27.4,0,1.8,0,69.8,14.7,NA,"70",47.19718,9.69669,9.69669,47.19718
"42962692.00","33",43,47,10,6.33,5.82,67.9,5,3.5,0,75,29,NA,"88",47.34109,9.66943,9.66943,47.34109
"42942690.00","9",26,56,17,5.78,5.25,36.4,0,3.9,11.1,51,18.4,NA,"82",47.323,9.64305,9.64305,47.323
"42942676.00","27",36,44,20,5.58,4.6,33.2,1,2.6,0,56.4,18.5,NA,"81",47.19698,9.64397,9.64397,47.19698
